{
  "supine-arms-side": {
    "upperleg01L": [
      0.0,
      0.0,
      0.01745,
      0.99985
    ],
    "footL": [
      0.08716,
      0.0,
      0.0,
      0.99619
    ],
    "upperleg01R": [
      0.0,
      0.0,
      -0.01745,
      0.99985
    ],
    "footR": [
      0.08716,
      0.0,
      0.0,
      0.99619
    ],
    "upperarm01L": [
      0.06615,
      -0.11824,
      -0.34654,
      0.9282
    ],
    "upperarm02L": [
      0.0,
      0.0,
      -0.04362,
      0.99905
    ],
    "lowerarm01L": [
      -0.35803,
      -0.01563,
      0.04072,
      0.93269
    ],
    "lowerarm02L": [
      0.0,
      0.46175,
      0.0,
      0.88701
    ],
    "wristL": [
      0.0,
      0.0,
      0.08716,
      0.99619
    ],
    "upperarm01R": [
      0.06615,
      0.11824,
      0.34654,
      0.9282
    ],
    "upperarm02R": [
      0.0,
      0.0,
      0.04362,
      0.99905
    ],
    "lowerarm01R": [
      -0.35803,
      0.01563,
      -0.04072,
      0.93269
    ],
    "lowerarm02R": [
      0.0,
      -0.46175,
      0.0,
      0.88701
    ],
    "wristR": [
      0.0,
      0.0,
      -0.08716,
      0.99619
    ]
  },
  "supine-arm-supinated": {
    "upperleg01L": [
      0.0,
      0.0,
      0.01745,
      0.99985
    ],
    "footL": [
      0.08716,
      0.0,
      0.0,
      0.99619
    ],
    "upperleg01R": [
      0.0,
      0.0,
      -0.01745,
      0.99985
    ],
    "footR": [
      0.08716,
      0.0,
      0.0,
      0.99619
    ],
    "upperarm01L": [
      0.0756,
      -0.06127,
      -0.2117,
      0.97248
    ],
    "upperarm02L": [
      0.0,
      0.0,
      -0.02618,
      0.99966
    ],
    "lowerarm01L": [
      -0.21637,
      -0.00567,
      0.02556,
      0.97596
    ],
    "lowerarm02L": [
      0.0,
      -0.34202,
      0.0,
      0.93969
    ],
    "upperarm01R": [
      0.06615,
      0.11824,
      0.34654,
      0.9282
    ],
    "upperarm02R": [
      0.0,
      0.0,
      0.04362,
      0.99905
    ],
    "lowerarm01R": [
      -0.35803,
      0.01563,
      -0.04072,
      0.93269
    ],
    "lowerarm02R": [
      0.0,
      -0.46175,
      0.0,
      0.88701
    ],
    "wristR": [
      0.0,
      0.0,
      -0.08716,
      0.99619
    ]
  },
  "supine-elbow-flexed": {
    "upperleg01L": [
      0.0,
      0.0,
      0.01745,
      0.99985
    ],
    "footL": [
      0.08716,
      0.0,
      0.0,
      0.99619
    ],
    "upperleg01R": [
      0.0,
      0.0,
      -0.01745,
      0.99985
    ],
    "footR": [
      0.08716,
      0.0,
      0.0,
      0.99619
    ],
    "upperarm01L": [
      0.06818,
      -0.06943,
      -0.32043,
      0.94226
    ],
    "upperarm02L": [
      0.0,
      0.0,
      -0.04362,
      0.99905
    ],
    "lowerarm01L": [
      0.46131,
      0.02014,
      0.03869,
      0.88617
    ],
    "lowerarm02L": [
      0.0,
      0.46175,
      0.0,
      0.88701
    ],
    "upperarm01R": [
      0.06615,
      0.11824,
      0.34654,
      0.9282
    ],
    "upperarm02R": [
      0.0,
      0.0,
      0.04362,
      0.99905
    ],
    "lowerarm01R": [
      -0.35803,
      0.01563,
      -0.04072,
      0.93269
    ],
    "lowerarm02R": [
      0.0,
      -0.46175,
      0.0,
      0.88701
    ],
    "wristR": [
      0.0,
      0.0,
      -0.08716,
      0.99619
    ]
  },
  "supine-knee-bent": {
    "upperleg01L": [
      -0.21641,
      -0.00378,
      0.01704,
      0.97615
    ],
    "lowerleg01L": [
      0.38268,
      0.0,
      0.0,
      0.92388
    ],
    "footL": [
      -0.17365,
      0.0,
      0.0,
      0.98481
    ],
    "upperleg01R": [
      0.0,
      0.0,
      -0.01745,
      0.99985
    ],
    "footR": [
      0.08716,
      0.0,
      0.0,
      0.99619
    ],
    "upperarm01L": [
      0.06615,
      -0.11824,
      -0.34654,
      0.9282
    ],
    "upperarm02L": [
      0.0,
      0.0,
      -0.04362,
      0.99905
    ],
    "lowerarm01L": [
      -0.35803,
      -0.01563,
      0.04072,
      0.93269
    ],
    "lowerarm02L": [
      0.0,
      0.46175,
      0.0,
      0.88701
    ],
    "wristL": [
      0.0,
      0.0,
      0.08716,
      0.99619
    ],
    "upperarm01R": [
      0.06615,
      0.11824,
      0.34654,
      0.9282
    ],
    "upperarm02R": [
      0.0,
      0.0,
      0.04362,
      0.99905
    ],
    "lowerarm01R": [
      -0.35803,
      0.01563,
      -0.04072,
      0.93269
    ],
    "lowerarm02R": [
      0.0,
      -0.46175,
      0.0,
      0.88701
    ],
    "wristR": [
      0.0,
      0.0,
      -0.08716,
      0.99619
    ]
  },
  "supine-ankle-neutral": {
    "upperleg01L": [
      -0.53722,
      -0.00938,
      0.01472,
      0.84326
    ],
    "lowerleg01L": [
      0.64279,
      0.0,
      0.0,
      0.76604
    ],
    "footL": [
      -0.13053,
      0.0,
      0.0,
      0.99144
    ],
    "upperleg01R": [
      0.0,
      0.0,
      -0.01745,
      0.99985
    ],
    "footR": [
      0.08716,
      0.0,
      0.0,
      0.99619
    ],
    "upperarm01L": [
      0.06615,
      -0.11824,
      -0.34654,
      0.9282
    ],
    "upperarm02L": [
      0.0,
      0.0,
      -0.04362,
      0.99905
    ],
    "lowerarm01L": [
      -0.35803,
      -0.01563,
      0.04072,
      0.93269
    ],
    "lowerarm02L": [
      0.0,
      0.46175,
      0.0,
      0.88701
    ],
    "wristL": [
      0.0,
      0.0,
      0.08716,
      0.99619
    ],
    "upperarm01R": [
      0.06615,
      0.11824,
      0.34654,
      0.9282
    ],
    "upperarm02R": [
      0.0,
      0.0,
      0.04362,
      0.99905
    ],
    "lowerarm01R": [
      -0.35803,
      0.01563,
      -0.04072,
      0.93269
    ],
    "lowerarm02R": [
      0.0,
      -0.46175,
      0.0,
      0.88701
    ],
    "wristR": [
      0.0,
      0.0,
      -0.08716,
      0.99619
    ]
  },
  "prone": {
    "upperleg01L": [
      0.0,
      0.0,
      0.01745,
      0.99985
    ],
    "footL": [
      -0.08716,
      0.0,
      0.0,
      0.99619
    ],
    "upperleg01R": [
      0.0,
      0.0,
      -0.01745,
      0.99985
    ],
    "footR": [
      -0.08716,
      0.0,
      0.0,
      0.99619
    ],
    "upperarm01L": [
      0.06615,
      -0.11824,
      -0.34654,
      0.9282
    ],
    "upperarm02L": [
      0.0,
      0.0,
      -0.04362,
      0.99905
    ],
    "lowerarm01L": [
      -0.35803,
      -0.01563,
      0.04072,
      0.93269
    ],
    "lowerarm02L": [
      0.0,
      0.46175,
      0.0,
      0.88701
    ],
    "wristL": [
      0.0,
      0.0,
      0.08716,
      0.99619
    ],
    "upperarm01R": [
      0.06615,
      0.11824,
      0.34654,
      0.9282
    ],
    "upperarm02R": [
      0.0,
      0.0,
      0.04362,
      0.99905
    ],
    "lowerarm01R": [
      -0.35803,
      0.01563,
      -0.04072,
      0.93269
    ],
    "lowerarm02R": [
      0.0,
      -0.46175,
      0.0,
      0.88701
    ],
    "wristR": [
      0.0,
      0.0,
      -0.08716,
      0.99619
    ],
    "neck01": [
      0.0,
      -0.17365,
      0.0,
      0.98481
    ],
    "neck02": [
      0.0,
      -0.13053,
      0.0,
      0.99144
    ],
    "head": [
      0.0,
      -0.08716,
      0.0,
      0.99619
    ]
  },
  "side-lying": {
    "upperleg01L": [
      -0.04361,
      -0.00076,
      0.01744,
      0.9989
    ],
    "footL": [
      0.04362,
      0.0,
      0.0,
      0.99905
    ],
    "upperleg01R": [
      -0.17362,
      0.00303,
      -0.01719,
      0.98466
    ],
    "lowerleg01R": [
      0.25882,
      0.0,
      0.0,
      0.96593
    ],
    "upperarm01L": [
      0.06615,
      -0.11824,
      -0.34654,
      0.9282
    ],
    "upperarm02L": [
      0.0,
      0.0,
      -0.04362,
      0.99905
    ],
    "lowerarm01L": [
      -0.1304,
      -0.00569,
      0.04325,
      0.9905
    ],
    "lowerarm02L": [
      0.0,
      0.25882,
      0.0,
      0.96593
    ],
    "upperarm01R": [
      0.43796,
      0.24897,
      0.26849,
      0.82104
    ],